y_true,y_pred
0.475,-0.850823
0.707,0.983976
0.723,1.34721
3.521,2.45379
1.125,1.16939
1.168,1.27876
5.00001,4.44646
1.926,2.10348
1.614,1.86259
0.947,0.388402
2.421,2.03417
2.538,2.72445
0.613,1.24912
2.755,2.5364
4.091,2.90265
0.774,0.736162
1.987,1.97203
1.963,2.39308
0.436,0.793252
1.791,2.0384
1.273,1.12757
0.435,1.43458
2.685,2.58621
3.75,2.2717
0.973,1.90769
3.748,3.39353
2.25,1.4107
1.987,2.51428
1.875,1.38009
1.557,2.33422
1.5,1.24506
2.802,2.69444
1.875,2.00362
1.931,1.45708
1.118,2.15933
1.833,1.5394
1.25,1.52858
1.521,1.17384
1.774,1.76951
5.00001,5.28032
1.008,1.24071
2.875,2.52791
1.433,2.56481
2.796,3.12264
1.012,0.988201
0.894,0.799479
2.122,3.03642
1.572,1.67184
1.375,1.74681
1.955,2.51209
1.127,1.33282
2.579,2.08935
0.983,0.865696
1.432,1.47779
1.975,1.79483
0.781,0.602485
3.522,3.40772
1.356,1.40496
1.538,1.13218
1.918,2.16885
3.981,2.77474
1.471,1.88299
2.75,2.95179
2.942,3.44424
2.615,2.22357
0.711,0.716936
1.828,2.35223
1.534,1.43585
0.735,1.15726
1.496,1.94392
2.169,2.6353
3.709,3.64805
0.908,1.73287
1.573,1.57093
0.596,0.827917
1.92,2.11977
2.045,2.07188
1.899,1.81616
5.00001,4.42307
3.318,2.61571
1.875,2.11522
2.13,2.1502
2.143,1.93126
1.779,2.06437
1.886,1.75877
1.428,1.30002
2.25,2.20112
1.631,1.96368
0.883,2.00701
1.542,1.47109
2.417,2.29786
1.695,2.03467
2.225,2.30461
1.948,2.13316
1.553,2.18614
1.135,1.70974
2.389,2.6371
1.585,1.72633
1.941,2.05154
1.944,3.26719
1.938,1.83553
1.333,1.70722
4.302,4.15585
5.00001,3.89444
2.247,2.53221
2.298,2.9586
0.894,1.54198
3.5,1.77005
3.235,3.5859
1.022,1.29204
1.425,1.78271
1.557,1.58524
0.75,1.53111
5.00001,5.18313
3.357,2.60924
0.977,1.40639
4.199,3.87281
3.185,2.70565
1.375,2.64839
1.478,2.15535
2.082,1.91997
5.00001,5.57966
0.675,1.97854
1.72,1.61552
1.814,1.96993
1.919,1.9713
4.454,3.74652
1.31,1.55352
3.6,1.67523
0.572,1.03494
4.125,2.21549
3.588,3.03956
2.184,2.83179
2.321,2.4559
0.691,-0.398553
3.94,2.2293
1.843,1.6772
0.952,1.30544
1.766,1.36629
0.591,1.46307
1.414,1.97329
1.208,1.69656
0.557,0.28708
4.5,2.11125
0.865,1.19127
3.016,3.08932
2.541,2.40136
1.216,1.67188
1.434,2.12835
1.884,2.3359
1.477,1.84365
2.555,2.93115
1.984,0.882558
1.569,1.83831
2.697,2.60559
0.418,0.728753
0.84,1.72534
0.957,0.975195
1.814,1.91066
3.302,2.99207
5.00001,3.2768
1.836,2.27221
2.759,2.67177
2.577,1.86843
1.875,1.32654
2.154,2.63035
1.188,1.54937
1.757,2.4184
2.601,2.8705
0.628,0.839163
1.55,1.79802
1.785,2.12289
1.143,1.0202
4.319,2.99972
2.917,2.90807
0.727,0.572368
0.657,1.12521
1.648,2.4078
2.4,2.70107
0.577,0.926095
0.756,1.10815
3.72,2.56907
1.309,1.24529
1.137,1.81343
0.887,1.4143
0.982,1.93844
2.833,3.3347
0.875,0.907126
2.257,2.0656
2.431,2.60716
2.54,2.39158
2,1.90091
0.9,1.21794
1.645,2.25785
2.871,2.97189
1.67,1.77926
2.336,2.8955
3.782,4.24599
3.848,2.59363
4.126,3.31696
3.534,2.96583
2.04,2.81096
0.883,1.61364
2.379,2.64177
3.485,2.85348
3.596,2.41031
3.957,2.42362
2.138,2.43951
1.438,0.613732
1.08,1.31968
1.392,1.60993
0.813,2.38846
2.263,2.28681
1.313,1.81143
1.426,1.34474
5.00001,4.74694
3.663,4.15394
2.414,2.18048
2.618,2.17899
3.294,2.44325
1.441,2.14828
2.5,2.09435
1.705,1.84916
3.133,3.20593
2.128,2.44315
3.041,3.04664
1.292,1.19213
1.995,1.59871
2.476,2.808
0.63,0.480849
2.796,2.91222
0.521,0.888183
4.351,2.8908
5.00001,4.85935
1.75,0.412011
1.653,2.09961
1.56,2.04796
1.134,1.12211
2.347,2.4065
2.328,2.98482
0.644,1.69747
2.335,2.05343
1.263,1.73318
2.781,3.36995
0.981,1.31649
0.733,0.650541
1.134,1.69707
2.098,2.16917
0.759,1.29815
3.07,2.77097
1.481,2.10005
3.57,2.53518
3.574,3.51875
2.768,3.32717
1.663,1.99489
1.813,2.59406
0.875,0.562633
0.792,0.565384
1.703,2.54026
1,1.18594
1.388,1.54859
1.454,2.35353
0.547,1.1052
3.422,3.58788
5.00001,1.37088
1.622,2.17996
1.403,1.38046
2.849,2.67681
2.037,1.42016
1.625,0.939733
0.839,1.03617
5.00001,3.28739
5.00001,4.64212
0.649,1.12627
0.882,0.113408
2.375,1.54659
3.509,3.17493
2.346,2.02473
5.00001,3.20031
0.878,1.30165
1.992,2.27357
2.929,2.19353
5.00001,4.58565
2.051,2.41953
1.585,1.84534
1.167,0.854232
1.45,1.61309
4.708,2.92435
0.847,0.935376
0.425,-0.00601139
3.482,2.43731
2.047,2.27916
1.831,1.58099
1.08,1.98334
5.00001,5.33654
1.377,1.70671
0.875,0.47186
0.878,0.541815
1.81,2.70815
3.238,2.63439
2.308,1.70036
3.822,3.56824
2.027,2.09157
4.808,3.38082
4.94,3.35249
4.261,4.54878
1.811,2.37513
1.041,0.984746
0.848,0.642925
1.142,1.21951
2.14,2.65259
1.815,2.80431
1.781,2.34817
2.61,2.97597
1.646,1.90019
2.1,1.23969
1.575,2.21373
2.375,2.1591
1.597,2.31657
2.75,1.92343
3.214,1.95715
1.603,2.15252
0.924,1.13004
0.541,0.748935
1.618,1.50949
1.375,1.15963
1.917,1.94313
2.178,2.45296
1.653,2.58697
0.576,0.74146
1.918,2.60467
2.736,2.57609
0.602,1.03819
3.56,3.27793
2.083,2.20276
2.096,2.17803
2.826,2.62059
2.199,2.63824
1.875,2.89092
2.705,2.90053
3.018,3.15443
0.831,1.80228
1.375,1.68368
3.512,3.96934
2.418,2.42542
1.932,2.25044
5.00001,3.70521
2.574,2.73822
1.125,1.41438
2.34,2.29672
2.1,1.58509
2.695,2.46931
1.262,1.48432
3.25,2.76041
1.414,1.70217
3.91,3.05626
2.882,2.54199
1.625,1.10434
1,1.32388
1.266,1.45361
0.546,1.06489
5.00001,6.82172
2.234,2.03336
1.495,2.1046
1.3,1.66564
1.057,0.681152
3.901,4.18461
1.26,0.954082
1.991,2.72071
2.26,2.73318
3.74,3.37405
5.00001,4.73375
0.725,0.951952
1.905,1.73907
2.959,3.06818
1.58,1.69915
2.655,2.59792
1.063,1.38385
1.628,2.01952
5.00001,3.10024
1.448,1.40737
1,1.50191
1.058,1.11319
1.516,2.22218
3.621,3.13544
0.958,1.39597
2.21,2.72437
2.521,2.59055
4.169,2.92724
1.224,1.55218
1.631,2.07467
1.117,2.07963
3.356,2.60444
1.97,2.42793
1.171,1.33915
2.453,2.45516
5.00001,4.01681
0.718,1.17822
1.896,2.10652
0.84,1.13974
3.49,2.96644
1.059,1.22731
1.273,1.34857
1.743,1.4102
0.621,1.31252
1.862,1.8476
2.885,3.32286
3.757,2.99257
4.364,2.13994
1.667,1.67037
2.324,2.45754
1.288,0.659533
1.364,1.57892
1.422,1.91316
1.944,2.32106
3.355,3.32102
0.771,0.20047
1.125,1.39248
1.661,1.832
0.875,1.58856
1.782,2.08432
0.583,0.294178
0.87,1.197
1.576,1.91198
0.971,1.05302
4.381,3.68887
1.632,1.92359
0.991,0.89554
2.317,2.5392
5.00001,5.01149
0.661,0.596128
2.452,1.99058
1.734,0.405371
0.629,0.735439
1.125,0.906029
1.627,1.78018
1.546,1.62371
4.698,3.23265
1.83,2.46587
4.773,3.01893
2.332,2.47859
1.784,1.62296
0.701,1.65559
2.393,1.72006
0.713,0.819966
1.083,2.10896
5.00001,5.04513
1.225,1.90548
2.73,2.4034
1.373,2.08625
2.576,2.63168
0.959,1.54106
2.096,1.19735
2.169,1.44449
1.533,1.68273
1.921,1.96892
2.757,2.50881
2.312,2.75363
0.615,-0.13616
2.615,2.28093
2.224,2.03755
1.37,1.51735
1.123,1.30191
1.528,1.48738
2.307,2.59362
3.704,2.81001
3.576,3.38927
5.00001,3.11361
1.76,2.3153
5.00001,3.62651
0.908,1.89548
2.906,2.67006
2.457,2.16106
1.364,1.69462
1.851,2.30075
2.227,2.30916
3.333,1.46587
5.00001,4.20365
1.868,1.65782
2.401,2.29104
2.531,2.37662
0.762,1.08851
3.46,2.85842
4.058,3.3699
2.242,2.5219
1.792,1.58584
1.778,1.96807
2.478,2.35285
1.393,1.30782
1.804,1.59453
2.345,2.86355
1.713,2.0789
1.834,2.71427
3.647,2.63878
1.346,1.43668
1.448,2.17745
1.434,1.66552
1.62,1.69313
1.014,1.77036
1.275,1.44848
1.214,0.94112
2.158,2.26442
1.546,1.88629
0.603,0.610452
2.188,2.46967
3.167,2.09847
1.767,1.74133
2.865,2.11735
3.58,2.93689
1.41,1.80881
1.375,1.23706
0.969,1.33943
2.643,2.34583
3.088,2.74159
0.713,1.54231
1.734,2.15145
0.732,0.778012
2.091,2.71443
2.692,2.89097
1.276,1.37847
1.603,1.56773
0.588,1.0131
2.051,2.1091
0.366,0.697322
0.92,1.42062
3.325,1.67027
1.845,2.3309
1.92,1.76373
4.735,3.9678
1.458,1.27981
1.281,1.73091
0.616,0.984478
0.683,1.07767
2.016,2.13217
4.613,3.95441
1.097,0.999789
2.154,2.08873
1.891,2.58119
0.5,0.47504
1.606,2.0749
4.923,2.50758
4.043,3.97246
1.796,2.63406
2.188,2.31777
0.906,1.04914
3.409,3.30149
1.664,2.26315
1.57,2.28489
1.136,1.8022
1.811,2.52613
2.613,2.6721
1.803,2.73508
0.55,2.21835
3.31,2.99325
1.212,0.944808
4.178,3.27209
0.708,0.824075
2.392,2.69418
0.95,1.77887
2.75,1.2743
2.176,2.57665
2.583,1.5482
0.972,1.316
1.232,1.57591
1.154,-0.445648
2.215,1.35675
0.956,1.04447
4.305,4.41717
1.757,2.21096
3.191,1.91093
5.00001,3.06962
0.925,1.55112
0.968,1.11965
0.543,1.02545
1.078,1.71697
3.024,3.22791
2.15,1.91911
1.275,1.21928
5.00001,0.609376
3.5,1.86593
1.531,0.364925
4.417,2.85705
1.694,2.28347
2.521,2.11415
2.786,2.3596
1.66,2.22141
4.22,3.30045
3.313,1.92373
2.049,2.02805
3.331,3.17377
1.264,1.30647
3.435,3.38984
2.069,2.57564
0.875,0.470615
1.156,1.52202
0.636,1.09069
1.498,2.59059
4.889,2.59678
1.856,2.37113
4.688,2.78579
0.98,1.12337
0.7,0.871007
3.75,2.65937
1.053,1.40029
0.816,1.19832
2.304,2.48197
4.361,2.79735
1.964,3.09335
1.577,2.21253
0.608,0.0968114
4.833,3.052
0.9,1.7986
3.536,2.83033
2.676,3.03872
1.119,2.18928
3.613,3.54677
2.062,2.75268
2.712,3.15118
1.869,1.87797
1.897,1.52181
2.179,2.19409
0.675,1.7188
1.344,1.87138
0.966,1.35101
0.917,1.42423
1.042,2.25117
0.875,0.597569
2.098,2.42884
1.661,0.849628
2.417,2.41997
2.02,1.83407
0.645,0.923536
0.832,1.29845
0.694,1.23982
2.605,2.288
2.779,3.28046
2.436,2.51868
0.974,2.02021
2.796,2.61356
1.951,1.84691
1.655,2.59695
0.581,1.10206
1.265,2.18943
3.373,3.22316
1.185,1.70799
1.292,1.17655
0.93,1.6446
0.557,1.28761
1.355,1.29647
5.00001,4.83101
0.614,1.03498
1.452,2.27566
2.365,2.30109
5.00001,5.31281
2.864,2.39287
1.15,1.98515
1.541,1.49583
2.58,2.35867
1.63,1.7367
0.896,1.4299
1.426,2.56944
0.813,0.706437
2.697,2.0508
2.393,1.59052
0.865,1.82008
2.45,2.72939
2.139,2.75076
2.132,2.13276
2.624,2.42883
2.017,2.79264
4.1,3.12873
0.9,0.522882
1.469,1.9732
1.818,2.27273
3.177,2.55801
1.601,1.54165
5.00001,3.68925
2.746,2.75546
1.872,2.45545
1.485,1.08017
1.413,1.05749
0.624,0.858363
2.452,3.06537
2.25,2.44353
1.311,1.41936
2.983,3.12337
0.4,-0.658614
0.822,0.245434
1.909,2.47864
0.869,1.10446
1.028,1.37522
0.687,0.605982
2.822,3.02522
1.02,1.0077
1.883,2.74158
0.886,1.24798
3.72,3.56966
1.5,1.58403
2.29,2.71449
2.182,2.47982
3.72,2.8522
0.54,0.674095
2.445,2.76252
1.607,1.9224
1.944,2.5691
1.18,2.24046
1.31,1.92528
1.951,1.65127
0.425,0.886486
5.00001,3.3998
3.266,3.50291
3.369,2.81156
3.619,3.41189
0.864,1.60814
2.35,2.25441
2.578,2.07806
0.836,1.10289
1.386,1.85307
1.546,1.47568
1.73,2.23622
1.61,2.75949
0.686,0.83305
1.135,1.50855
0.803,1.40305
2.445,2.30217
4.255,3.51507
2.526,2.29661
2.388,2.71491
1.04,1.20902
1.75,1.5222
1.091,1.23091
1.25,0.168965
2.555,2.06677
2.438,2.00318
5.00001,2.8382
3.603,2.11306
1.783,2.21685
1.363,1.54135
3.847,2.16042
0.971,0.777785
1.857,2.48002
0.735,0.912541
0.938,1.64908
2.205,1.05143
0.94,1.15562
2.048,2.4457
1.646,1.93768
5.00001,2.84819
1.199,1.38644
1.375,1.81319
1.413,0.795068
1.46,1.28149
2.5,2.13122
1.802,1.85927
2.047,1.75118
1.841,2.14369
5.00001,4.08792
2.228,2.36283
3.912,2.9879
1.837,2.32452
1.768,1.56013
3.266,2.29946
2.48,2.39014
0.714,1.82032
0.615,1.33247
0.926,1.28857
2.219,1.27014
1.55,1.72591
0.659,0.894421
2.671,2.61489
3.216,2.51603
2.867,2.655
2.917,2.41406
0.889,1.25867
4.538,4.2814
1.142,1.51363
3.289,2.60341
4.468,3.68974
0.926,0.986872
2.935,2.55753
1.906,1.45193
1.525,1.07521
3.125,1.88708
1.613,2.38474
1.397,1.35744
0.632,1.25263
5.00001,3.10903
2.855,1.87946
1.427,1.28694
1.691,2.03784
2.289,1.90067
3.877,3.22837
3.341,2.95173
0.798,0.489143
2.418,2.2408
2.835,2.72749
2.095,1.61061
2.664,2.41885
0.84,1.27216
3.642,2.40638
2.836,2.86255
1.979,2.35835
2.215,2.32745
2.25,2.30941
1.625,0.918508
5.00001,5.42147
2.351,2.39682
1.462,1.17565
2.269,2.21774
5.00001,3.67639
1.708,2.0029
0.931,1.26075
0.661,1.25978
0.575,0.978482
0.526,0.722341
2.798,3.58207
0.78,0.487897
1.259,1.70168
1.25,1.01405
2.219,2.30808
1.112,0.521351
0.958,1.09317
0.95,0.887934
0.518,0.418124
1.327,1.07824
1.767,1.91114
2.029,2.38521
2.833,0.812254
4.574,3.15356
0.903,1.53301
2.551,3.23623
3.898,3.08968
3.305,2.51703
1.087,1.65453
1.875,1.19268
1.759,1.554
1.471,1.97394
3.477,2.40907
1.793,2.34529
0.71,0.898107
2.157,2.51851
1.21,2.05112
4.688,2.82532
2.882,2.84265
1.581,1.51172
0.82,1.58603
1.969,2.25372
1.125,0.813718
5.00001,4.00274
0.592,-0.163533
1.031,1.02488
3.734,2.9515
2.402,2.64756
1.354,2.60176
1.717,1.89694
0.526,1.03122
2.213,2.64777
5.00001,4.81202
3.34,2.86313
0.556,1.15602
3.205,2.66041
0.685,1.25814
2.25,2.5244
2.297,2.44892
0.57,0.94127
1.406,0.798148
2.554,1.53761
3.219,2.98513
1.833,1.43453
3.142,3.24268
3.382,3.50944
0.912,1.21564
0.838,1.02041
1.5,1.65307
2.674,3.02299
2.667,2.72397
1.809,2.38208
1.832,1.83053
1.178,1.70677
1.095,0.764919
0.975,1.19124
0.394,1.13022
2.237,2.15334
3.117,2.76596
1.693,1.45528
1.625,1.67983
3.06,2.19516
1.85,1.35235
0.892,0.0382885
3.382,3.02285
0.953,1.09906
1.818,2.29123
1.36,1.66879
2.379,2.71251
3.213,2.43716
2.229,2.63355
0.94,1.40384
3.19,2.42937
3.396,3.04386
3.63,3.18087
0.782,1.03924
2.424,2.36518
1.83,2.38703
1.138,1.84502
1.875,2.31431
5.00001,2.5883
1.713,1.52398
3.873,2.87476
5.00001,3.65035
0.675,1.10305
1.404,1.56128
3.158,2.11798
2.849,2.53853
2.326,2.19323
0.764,1.07536
2.034,1.34825
1.894,2.07552
1.854,2.51867
0.8,1.08248
0.871,1.86607
2.194,2.59044
0.766,1.23719
1.345,2.15976
3.95,2.79522
1.657,2.45982
1.82,2.51978
0.672,0.817063
0.516,0.722619
5.00001,2.19966
1.338,0.762463
0.603,1.13563
1.871,2.03315
1.397,2.23073
1.7,1.81396
1.481,1.80971
2.258,2.7405
0.949,0.537587
1.375,1.6628
2,1.47435
1.679,2.27923
3.531,2.54804
1.565,1.23538
1.809,2.15785
1.222,1.79377
1.227,1.31358
1.28,1.65733
1.418,1.51797
1.981,1.55556
1.765,2.07482
1.238,1.45763
1.739,1.87472
3.36,2.67635
1.574,0.848393
1.202,1.41203
1.563,1.55609
0.694,0.73108
1.216,2.07615
1.532,2.22398
0.87,1.75548
1.649,1.89144
2.637,2.72857
4.143,3.31477
2.647,1.71166
0.965,1.79308
1.74,1.87592
2.161,2.7029
2.25,1.94362
0.981,1.4276
1.842,1.97187
1.566,2.43806
1.627,2.09175
2.329,2.33752
1.464,1.50376
1.006,1.59032
3.298,2.93649
2.389,2.37866
1.732,1.01006
3.308,2.0869
2.75,1.40586
1.648,1.84859
1.201,1.55974
0.517,0.561775
2.117,2.12147
1.313,1.30185
1.155,1.41686
3.341,2.68375
3.003,2.71329
2.26,2.75407
1.39,1.8309
3.744,4.09138
2.105,2.92621
1.456,1.68591
2.417,2.61671
1.032,1.30082
2.341,2.73152
1.873,2.27566
2.896,3.12994
1.281,1.64568
1.488,1.36141
2.857,3.14173
1.614,1.79503
2.201,2.28782
1.321,1.60732
3.599,2.97106
1.232,2.45346
0.557,0.600113
0.854,1.59412
3.585,2.91014
0.483,0.816329
3.902,3.12835
3.72,3.52638
1.655,2.42291
2.118,1.9804
3.115,3.0793
2.038,1.68756
4.708,3.07074
1.531,1.36608
1.434,1.68111
3.636,3.57505
5.00001,4.04553
5.00001,4.86396
3,2.26173
3.319,2.88413
1.235,1.08327
4.141,2.81344
1.111,1.84307
2.029,2.40404
3.713,3.88832
1.805,2.10026
0.983,1.42536
0.656,0.263931
1.784,2.47598
1.407,2.19376
2.349,1.88532
3.836,2.81377
1.416,0.588222
1.478,2.01536
1.188,0.869421
2.681,2.32204
2.984,2.03586
2.269,2.65577
1.061,1.31706
1.657,2.05968
3.588,3.06006
0.953,1.25821
5.00001,4.01704
5.00001,4.41306
3.414,3.24224
3.5,2.63358
0.813,0.541165
2.829,3.08074
1.188,1.89096
0.58,0.602179
5.00001,3.93115
3.804,2.53551
5.00001,5.47918
1.176,1.91947
0.718,1.29512
2.513,2.48719
1.924,1.7985
0.567,0.885824
1.647,2.48394
1.783,1.7563
2.656,2.3983
3.325,2.72832
1.883,3.06456
2.542,2.45663
1.875,1.50478
1.729,1.45323
4.22,2.25958
1.279,1.20857
0.41,0.884054
0.676,0.447748
3.186,2.38098
2.27,2.48584
1.141,1.82424
2.167,2.52065
4.026,3.28108
3.208,3.29189
1.976,1.76784
1.75,1.71315
3.355,2.2394
1.188,1.26698
2.624,2.56797
3.365,3.00738
0.842,1.06559
0.958,1.58795
1.245,1.64265
1.75,2.21262
2.232,2.03909
1.412,0.905331
2.017,2.09087
2.45,2.61193
1.962,2.52674
1.734,2.57433
1.925,2.31848
0.44,0.131215
2.377,2.65599
1.537,1.56363
5.00001,6.78835
5.00001,4.88197
1.549,2.11217
0.617,0.236553
0.991,3.1732
5.00001,4.04223
1.125,2.07429
0.934,1.42931
0.87,1.48066
1.213,1.19768
1.663,2.23621
0.838,1.4872
1.813,1.8282
1.67,2.04981
2.019,2.05672
2.373,2.7916
4.201,2.69845
1.981,2.09456
1.741,1.86554
0.888,1.69437
2.362,2.13324
1.563,1.38603
0.904,0.86109
1.463,1.63535
1.784,1.60121
1.44,1.7821
2.379,2.58822
2.394,2.92169
1.958,2.40459
0.456,0.783726
1.16,1.35409
0.979,1.50037
1.113,1.47807
5.00001,3.46509
3.605,2.85444
0.924,1.3602
2.634,2.78243
2.296,2.51025
1.028,1.77875
0.912,1.59445
0.842,1.65203
3.543,3.08794
0.974,1.60952
2.276,2.46411
0.9,1.77434
5.00001,3.17196
1.798,2.4328
0.972,1.58924
0.733,0.898363
1.139,1.90437
1.613,2.20089
1.838,2.61785
3.038,2.50053
1.544,1.88428
1.914,2.35419
3.25,2.19048
0.81,0.921834
0.631,0.689846
1.043,0.919058
1.426,2.07372
0.675,0.704057
0.869,0.836511
5.00001,4.39659
1.444,0.548868
3.936,3.21319
2.179,2.27452
2.188,0.895298
1.139,1.8363
1.219,2.94813
1.59,1.94838
0.809,1.12006
5.00001,4.07945
2.927,2.88434
0.75,0.774916
0.697,0.672477
1.143,2.77366
3.103,2.7682
1.521,2.40303
3.398,2.46523
5.00001,4.96813
2.989,2.96099
5.00001,3.31293
2.314,2.71105
3.833,3.39832
0.905,1.01732
1.633,1.89179
1.443,1.94832
1.125,1.26344
1.462,1.55148
1.763,2.05281
0.45,0.665001
0.773,0.85777
1.694,1.8854
0.684,1.04252
1.125,1.37815
2.201,2.24181
3.372,2.64304
0.415,0.722327
4.933,2.87879
0.961,0.840961
3.627,3.55177
0.857,1.27641
0.678,0.977869
0.572,1.09409
1.571,2.4671
0.95,1.2636
0.732,0.992547
4.5,2.68303
3.273,2.43133
0.926,1.90049
1.33,1.23381
2.4,2.63983
2.878,2.17345
1.355,1.69128
5.00001,2.46944
1.988,1.62022
2.235,2.77537
3.237,3.52257
1.113,0.854237
0.721,1.18742
1.125,1.59023
0.832,1.47744
4.17,3.15545
5.00001,6.66816
0.886,1.25201
1.599,2.26089
1.909,2.68342
2.222,1.18535
3.615,3.30626
4.246,3.83993
3.556,3.38938
1.083,0.213896
2.043,2.08141
1.816,1.60055
5.00001,3.80962
3.218,2.8319
1.618,1.60687
1.938,2.84101
1.633,1.78123
1.483,1.50617
2.159,2.94569
1.063,1.83131
0.524,1.14254
1.86,2.37637
2.815,2.34205
2.238,2.44472
1.183,1.018
1.795,2.37094
1.963,2.40897
2.301,2.4368
1.125,1.31113
1.738,1.67362
1.597,1.92957
1.161,2.00353
1.363,1.09183
5.00001,2.9468
3.597,3.10984
2.415,2.26649
2.766,2.80756
1.625,1.74529
1.725,2.0034
2.328,2.36214
1.031,1.27885
1.675,2.11935
1.567,2.46048
1.163,0.967278
0.479,-0.33267
0.514,0.669364
1.998,2.5591
0.639,0.822854
5.00001,4.07397
5.00001,7.04122
1.774,2.7991
1.908,2.2478
0.888,1.15614
2.461,2.99355
0.99,0.800351
1.389,0.947125
1.042,1.48744
2.567,2.14906
0.615,0.891262
1.457,1.1479
0.741,1.65223
1.25,1.47496
1.103,1.22581
1.669,2.91368
2.04,2.52333
1.813,1.54369
3.222,1.47373
0.728,0.836917
1.458,1.50917
3.318,2.50823
3.743,2.23056
1.568,2.48695
2.948,3.0304
0.575,0.11624
0.69,1.12425
1.907,1.90402
1.625,1.58439
1.582,1.53816
0.802,1.08402
3.722,2.87983
5.00001,3.42677
0.904,1.51399
2.538,3.09602
2.773,2.03078
0.645,1.11833
4.374,2.62187
1.998,2.45746
2.362,1.99184
1.521,1.29167
0.14999,-0.0729646
0.689,0.515326
2.67,2.14843
3.295,2.3579
2.792,2.67457
5.00001,3.19938
3.679,2.61871
1.406,1.94978
0.788,0.956621
3.513,3.5985
2.25,1.84617
0.66,1.11494
2.917,2.69
2.917,2.51628
1.538,1.61309
1.625,1.4436
2.364,2.17447
1.625,0.144127
1.686,1.63656
1.629,1.85276
1.057,0.419912
0.928,1.62046
0.463,1.4663
2.104,2.06524
2.214,1.89775
2.964,3.03848
0.884,1.50198
1.422,2.40209
1.287,1.9853
1.622,1.92177
2.573,2.69421
1.402,1.73687
1.991,2.05829
1.888,1.86559
1.643,2.03352
1.313,1.67069
1.668,1.78705
5.00001,2.01747
0.992,1.46161
2.053,1.26142
5.00001,6.57554
1.786,1.97457
0.875,2.30332
1.989,2.91507
3.347,2.72587
1.984,2.95845
2.641,2.49501
1.535,2.08577
2.265,2.25773
1.511,2.06161
2.693,2.30935
2.139,3.46397
2.868,2.65853
1.538,2.19902
4.175,2.56675
0.568,1.10454
5,2.6069
0.685,1.93219
3.9,2.7543
3.441,3.40953
2.415,2.27885
2.5,1.15868
1.6,0.965403
3.8,3.46277
0.469,1.67243
3.552,1.90959
2.455,2.39155
0.939,2.31405
2.171,2.54278
1.255,1.83032
1.632,2.1437
2.178,2.32377
2.042,2.25118
3.905,3.33663
1.048,1.77352
0.844,0.93582
1.457,1.99831
2.216,2.2078
1.319,2.05195
1.327,2.56072
1.62,1.21388
5.00001,4.18991
4.34,2.84237
1.875,1.19127
5.00001,3.26302
1.781,2.21841
0.983,1.61976
1.797,2.4221
0.942,1.12113
2.194,1.90257
1.797,2.22383
2.072,2.5393
3.013,2.92086
2.175,1.47718
1.042,1.50127
1.792,2.38041
0.844,2.04369
1.736,2.00519
2.939,2.64309
0.949,1.0532
1.185,1.30854
2.925,2.75082
1.279,1.19551
2.39,2.86171
3.108,3.12478
1.728,2.68994
0.651,0.979233
1.151,1.20316
1.877,2.59341
1.31,2.09071
1.528,1.92568
2.196,2.49604
1.444,0.749244
5.00001,6.79438
2.536,2.52554
1.249,1.68282
0.734,1.21978
1,1.25431
1.766,2.53297
1.578,2.00862
3.671,1.7974
2.138,2.60875
1.943,1.7933
3.091,3.051
1.918,2.02651
2.579,2.77384
1.356,1.71898
2.879,2.96511
0.74,0.194967
3.357,2.64074
2.132,2.30916
0.728,1.44902
1.042,1.53448
3.625,3.67688
0.928,1.91356
2.47,2.13866
5.00001,3.27215
3.919,2.81381
2.154,1.62584
5.00001,4.01814
1.067,1.97565
1.219,1.32821
0.56,0.577065
1.941,2.1703
1.814,2.03321
1.714,1.21407
0.876,0.779492
1.836,2.15458
1.269,1.91985
1.51,2.07161
1.741,1.05115
1.486,1.45911
3.528,3.61825
2.111,2.32363
2.068,2.02686
1.25,1.66418
2.23,2.45149
1.267,2.29594
1.269,1.85041
0.805,1.50266
3.056,2.78141
2.026,2.40611
0.486,-0.0987559
1.418,2.0108
2.882,2.38661
5.00001,3.12585
0.784,1.47467
2.528,2.45882
1.015,1.10481
5.00001,3.53424
2.485,2.445
5.00001,2.90914
2.25,1.39578
1.587,1.51878
0.784,0.966914
1.381,1.63529
2.512,2.59712
2.188,2.374
1.047,0.454472
0.904,1.48638
2.662,2.5268
1.384,1.08695
4.175,3.6721
1.645,1.88968
5.00001,2.82397
0.494,0.569258
1.766,1.69491
0.73,1.46612
1.311,1.67828
1.662,1.81911
0.727,1.061
3.766,3.0847
1.226,1.30918
0.794,1.33063
4.912,2.75822
0.491,0.741338
2.788,2.42953
0.65,0.542642
3.844,2.46562
1.234,1.86311
0.946,1.85005
2.143,2.71413
1.25,1.92645
0.375,1.91853
2.259,2.79194
1.16,1.69764
1.336,1.92578
1.057,1.19989
1.318,1.47087
0.757,1.34052
1.42,2.03429
5.00001,3.61556
0.938,1.07925
2.28,2.0668
2.237,2.18087
1.005,1.42748
0.594,1.17285
0.712,1.23892
1.31,1.48304
1.179,1.43241
0.606,0.494801
1.019,1.20045
1.184,1.9634
1.231,1.9964
0.946,1.41601
1.594,1.22476
2.313,1.42506
4.714,2.88065
1.602,1.50126
2.133,1.95421
0.477,0.96271
4.523,3.17541
4.889,1.83039
0.606,1.1266
1.116,2.066
1.803,2.38573
1.707,1.80024
0.811,1.15298
0.75,1.91706
1.114,1.63803
2.491,2.00964
1.304,2.09532
1.296,1.76759
1.375,1.6267
3.194,2.05019
2.068,1.45129
0.769,1.31779
1,1.41338
1.615,1.75134
2.688,1.08747
4.578,3.28103
1.519,2.49127
3.591,2.77273
0.55,0.644663
0.972,1.7973
3.015,2.77153
0.827,1.31003
3.491,3.56306
5.00001,2.78354
3.462,2.12839
1.582,1.80468
1.025,1.24235
2.43,2.6015
3.482,3.4757
0.79,1.00519
1.95,2.32256
1.62,2.16417
0.741,0.698325
0.594,0.604242
5.00001,3.75519
0.947,1.93717
1.375,0.607396
3.5,2.60467
1.875,0.540496
1.798,1.78391
1.016,1.33411
0.946,1.69514
1.441,1.22324
1.015,1.3843
1.755,2.1354
0.932,1.24432
1.519,1.89819
2.222,2.70997
1.119,1.58249
1.59,1.58017
3.5,4.74205
1.046,1.25355
5.00001,6.79409
1.468,1.19731
1.571,2.58882
1.175,1.75234
1.36,1.77945
3.343,2.32365
0.919,0.968257
1.447,2.4782
1.264,1.41261
2.373,2.62409
1.568,2.43143
0.956,2.04122
2.788,2.58346
2.667,2.40689
1.342,1.96603
2.31,2.60703
1.854,1.49008
2.958,3.24937
2.75,2.80749
2.116,2.14347
1.237,1.71348
3.316,3.0671
1.5,1.85285
5.00001,4.37998
4.213,2.68674
1.19,1.14683
0.504,0.731154
1.156,1.73453
2.32,2.57361
0.698,2.08248
1.787,1.54237
0.895,1.6239
0.993,1.43893
1.26,2.01058
1.58,2.02112
0.675,3.82978
0.635,1.2497
1.133,1.31466
4.333,3.84524
0.957,1.20604
0.84,0.445291
1.5,1.99943
1.879,1.77059
2.379,2.33578
1.78,2.02317
3.185,2.20571
5.00001,4.99569
3.25,2.12381
1.68,2.00477
1.96,2.30798
1.841,1.77732
3.821,2.87535
1.837,2.48559
3.222,2.30276
2.246,2.67342
2.308,3.03954
0.969,1.01607
2.253,2.70064
0.924,1.40478
2.081,2.13914
1.625,1.27382
1.592,1.78604
3.504,3.29623
1.027,1.53559
0.693,1.04432
2.532,2.67094
2.153,2.52636
1.625,1.24192
1.694,1.51964
2.347,3.44608
0.875,0.587522
2.66,3.06879
1.4,0.936973
5.00001,4.79811
2.741,3.10388
1.214,1.07109
0.562,1.20063
1.358,1.66592
0.982,1.27689
3.541,2.75641
3.152,3.16842
2.791,2.96458
3.309,3.00891
0.799,0.833734
2.403,1.87772
1.272,0.920026
1.016,1.19997
2,2.65673
5.00001,3.18131
1.627,2.08939
1.917,1.71639
3.197,2.93375
2.549,2.77568
3.259,2.74843
2.221,2.47671
1.311,1.58125
1.852,2.59655
1.252,1.10278
1.167,0.731746
4.771,4.10055
4.538,4.22823
3.216,2.9682
1.26,1.88233
2.073,2.6166
0.905,0.709596
1.334,2.04619
0.705,0.977581
5.00001,2.87821
2.01,2.87114
2.154,2.27687
3.553,3.1422
0.719,1.44889
1.052,1.06168
1.569,2.13066
1.063,1.44357
1.799,1.95976
5.00001,3.21157
2.278,2.39915
0.639,1.06223
0.844,1.15497
1.596,1.35586
3.5,1.27775
1.228,1.40599
0.84,1.03009
1.008,0.680186
1.503,2.13458
1.14,1.80012
1.75,1.91315
1.457,1.96534
1.751,2.48862
5.00001,3.25588
1.615,2.08759
1.733,2.10721
0.584,0.42491
1.752,2.46871
1.625,1.49434
0.704,1.18009
1.21,1.74013
3.074,3.60681
1.655,2.49416
0.795,1.34673
2.88,2.75727
2.5,2.95777
1.268,1.19519
1.25,1.31854
2.023,1.10836
2.549,3.1238
2.281,1.869
2.408,3.2975
1.651,2.01665
1.561,1.40841
2.326,1.92596
1.423,1.8948
1.857,2.14798
1.607,1.1724
3.025,3.55832
2.197,1.7648
2.22,2.5525
0.689,1.11541
2.533,2.83897
1.875,1.19625
0.75,0.542866
1.501,1.7239
5.00001,4.69632
1.6,2.52457
0.925,1.96237
1.262,1.20116
2.311,2.78719
1.453,1.34227
0.994,1.7417
1.468,2.03316
0.972,0.670056
0.75,1.19487
1.412,2.64803
2.046,1.67263
1.382,1.97502
5.00001,5.77428
2.842,3.12711
1.266,1.13191
2.822,2.34936
1.569,1.67531
1.429,1.75149
0.968,1.43889
4.083,2.21255
5.00001,6.3675
2.039,2.3251
1.085,1.9672
2.287,3.21244
2.628,2.64686
1.714,2.26352
2.989,2.97591
1.697,1.63227
1.312,2.17107
1.807,2.51234
2.241,2.48431
1.151,1.40634
1.643,1.78435
2.802,3.01103
1.418,1.51941
1.401,1.80554
1.67,1.92776
1.909,2.37627
4.571,2.69785
1.82,2.0573
2.082,2.5274
0.55,1.94486
1,0.54924
0.938,1.35773
0.936,1.65464
0.712,1.25633
0.975,1.39791
0.65,0.822834
1.357,1.78247
2.289,2.20236
1.222,1.51477
1.656,1.97075
1.286,0.851729
5.00001,2.85051
0.696,1.31391
1.385,0.785697
2.175,2.82997
0.691,0.952528
0.938,0.777989
2.455,2.03549
2.023,3.38326
0.73,1.16593
1.492,1.33376
1.7,2.01203
2,2.16927
1.577,1.71043
1.909,1.9853
1.375,1.20199
2.833,2.35834
1.347,0.714392
1.504,2.04643
1.824,2.67654
3.394,2.97158
4.237,3.30994
1.32,1.343
2.091,2.45397
1.319,2.21508
5.00001,3.26482
0.7,1.4213
2.25,5.1151
2.19,1.76712
2.21,1.7349
2.539,1.78437
4.586,2.86245
1.888,2.01646
1.19,1.77338
1.32,1.42336
1.79,1.41717
3.244,2.36759
2.058,1.99836
3.483,3.38364
0.5,1.01106
1.625,1.29933
1.43,1.67735
0.972,1.03483
2.614,3.21621
1.395,1.92652
1.373,2.24916
0.675,1.36928
2.125,2.69284
1.565,1.63835
1.958,2.66306
1.672,1.56802
2.438,2.53813
1.172,1.06477
1.252,1.60702
1.678,2.33392
0.966,2.33629
2.625,2.33787
1.678,1.76778
1.488,1.68489
1.727,1.32372
1.693,0.683409
2.912,3.22363
2.092,2.36753
2.335,2.58002
2,2.43672
1.207,1.37714
2.612,2.68763
3.754,4.0646
2.864,2.47126
2.291,2.47996
1.272,2.59643
1.474,1.81637
2.352,3.43569
3.49,2.47993
0.952,1.48217
1.851,1.31585
2.714,2.53971
1.334,1.69268
0.883,1.67384
1.746,2.43057
1.375,1.58292
5.00001,4.00633
2.171,2.8673
1.266,1.50929
0.806,1.66711
2.393,2.13335
4.338,4.18911
1.326,1.57288
1.158,1.50701
2.335,2.35851
1.053,1.0261
0.719,0.0643975
4.959,3.70767
2.354,2.57412
1.064,1.30532
2.188,1.10841
3.772,1.92887
3.77,3.33226
1.858,2.15137
2.113,2.21277
1.639,2.04801
2.42,2.65312
1.676,2.22217
1.922,2.29077
1.485,0.924235
2.697,1.62011
3.3,2.376
5.00001,4.41411
1.714,1.95948
2.676,2.72535
1.26,1.43621
1.456,1.79464
3.268,2.81745
3.655,3.58708
1.658,2.2122
5.00001,3.86618
1.791,2.36414
2.621,3.15395
1.624,2.50887
0.973,1.89925
1.558,1.4956
0.83,0.884795
1.919,2.03536
1.125,1.34615
0.861,1.11141
0.735,1.07371
4.029,3.34609
1.162,1.22496
1.293,1.54348
1.009,0.912086
1.653,1.70391
1.913,2.47853
0.579,1.24175
1.461,0.666943
0.924,0.736658
2.913,3.33842
1.154,1.80847
2.265,2.11433
2.75,2.8987
1.15,1.61138
1.038,0.79551
0.898,0.98492
3.12,3.07363
0.975,1.64152
1.266,2.12919
0.649,0.859838
3.75,2.51058
1.785,1.7995
0.821,0.746807
0.689,1.00819
1.1,2.93364
2.698,2.69147
1.388,1.62706
2.163,2.12894
1.345,1.86472
3.124,2.58747
2.177,2.42136
1.519,1.94332
1.408,1.53514
4.925,3.15411
3.025,2.86069
0.906,1.06689
2.811,2.39984
1.739,2.53284
3.5,2.49802
2.241,2.04817
2.896,2.22297
2.625,2.08858
0.842,1.44112
2.169,2.29769
2.452,3.04764
0.576,0.828454
1.5,1.80296
0.963,1.2746
1.237,1.13601
0.582,0.983689
2.277,2.28262
4.573,2.91872
1,1.24806
1.04,1.11337
2.356,2.74121
2.146,1.82204
0.831,0.623681
0.633,0.938931
2.333,1.47417
0.71,0.743213
2.25,2.29488
1.65,1.65448
1.5,1.79984
5.00001,2.03488
0.885,1.06572
2.271,2.58335
0.836,1.41042
5.00001,5.3273
3.395,3.08868
2.128,2.53839
3.461,3.20509
1.762,2.0256
3.97,3.78892
2.014,2.38813
2.571,1.87317
2.578,2.65475
1.645,2.02073
2.61,2.80448
2.75,2.25715
5.00001,2.83455
2.147,1.3892
5.00001,4.78885
2.25,1.54595
0.533,0.60497
2.229,1.67778
1.4,2.25728
0.829,1.40987
4.148,3.26265
1.367,1.90925
1.209,1.96983
0.823,0.885756
2.75,2.83012
1.981,1.81485
1.575,2.16099
2.899,2.4079
1.815,2.36537
1.134,1.23453
2.2,2.7336
1.075,1.67004
1.755,2.12532
1.681,2.63354
1.924,1.70805
2.063,1.14016
1.705,2.15655
1.102,1.06442
5.00001,4.83263
5.00001,3.44278
1.438,1.46004
1.914,2.64464
1.163,1.32177
1.365,1.77383
2.374,2.07708
1.113,1.3804
2.345,2.51851
3.722,2.44913
2.387,2.67245
0.675,1.41956
3.446,2.84947
2.285,2.58141
3.197,2.29829
1.969,1.95797
2.811,2.67476
1.674,1.72781
2.063,2.52572
3.551,3.49212
2.75,2.32089
1.383,1.73804
5.00001,3.88186
1.034,1.3519
1.61,2.46287
3.68,3.23878
4.667,3.23278
1.681,1.77636
1.396,1.40912
1.285,1.64516
2.671,2.25321
0.678,0.278718
1.61,1.49114
1.228,1.66145
3.021,3.03232
5.00001,4.48116
1.511,1.65841
1.527,0.68142
2.595,2.68072
2.125,2.20623
1.452,1.97715
1.47,1.67449
1.125,1.56033
3.722,2.23553
2.403,2.2182
0.525,0.68585
1.673,2.58552
1.344,1.60165
1.952,2.37191
0.498,0.859917
0.551,0.752283
1.139,1.36684
1.88,2.27774
2.032,1.83307
4.302,2.96546
1.901,1.8994
2.432,2.70583
1.469,1.27633
2.37,2.59789
1.606,1.62935
1.855,2.40052
1.452,1.57737
1.873,2.25776
1.542,1.21001
0.886,1.3171
3.273,2.98524
1.512,2.38367
1.824,1.80779
0.792,1.38329
2.109,2.25939
0.941,1.03034
3.375,2.44169
1.985,2.73462
3.872,1.91486
2.07,2.49669
1.792,2.27682
1.582,2.31093
1.868,2.23689
2.224,2.48868
1.6,2.00729
1.301,1.82967
1.621,2.25738
1.08,1.4616
3.519,3.65584
0.971,1.21553
2.07,2.19538
2.581,3.13948
1.663,1.12812
5.00001,3.909
3.304,3.48234
2.432,2.87543
3.742,3.45516
5.00001,3.71695
0.875,2.56304
1.422,1.51583
1.364,1.84708
0.67,0.977313
1.711,2.17695
0.62,0.912874
2.143,1.6057
1.957,2.97938
1.297,1.75705
5.00001,6.86888
2.958,2.98088
1.17,1.32278
2.163,2.58641
3.687,3.36291
2.171,2.61965
0.656,0.412762
3.496,2.70893
1.464,1.72683
3.339,2.82589
1.465,2.35744
2.815,2.80476
3.092,3.06074
2.274,2.73375
1.271,1.65736
2.063,2.04418
2.929,2.8544
1.899,1.70258
3.99,3.39775
1.411,1.62524
4.062,3.15711
0.976,1.34122
1.264,0.733076
0.692,0.457383
1.337,1.91629
2.25,2.52301
3.25,2.93187
0.771,0.47273
5,2.86822
1.07,1.25238
0.853,1.05279
1.435,1.93453
1.13,1.46098
2.155,2.44324
1.702,1.91268
2.735,2.6886
3.568,2.82192
1.631,1.89626
0.96,1.42421
1.563,1.81484
1.298,1.65576
2.132,2.03595
2.052,1.87804
2.678,2.20764
1.496,2.70111
2.136,1.75046
2.078,2.56063
1.014,0.947729
3.165,3.14564
2.921,2.19558
1.692,1.90303
1.679,1.8326
0.735,0.815971
1.435,1.42451
4.083,2.5722
1.194,1.28966
4.635,4.47496
5.00001,4.97481
4.477,2.94282
1.625,1.41184
5.00001,2.20872
5.00001,3.25016
3.456,2.5601
0.857,-0.120691
0.933,1.64641
5.00001,3.05771
4.096,2.72151
1.833,1.84009
0.525,2.07042
0.773,1.24977
3.4,3.18811
1.343,1.77231
1.75,2.48556
3.429,2.31186
2.058,2.16109
1.626,1.76234
1.985,2.57733
1.594,1.65451
1.209,1.60839
3.056,2.79379
1.464,1.47704
1.317,1.38468
0.894,1.05348
1.06,1.53086
1.125,2.3773
3.388,2.77482
1.875,1.58906
3.13,2.7466
0.803,1.38089
0.891,1.67109
2.033,1.86913
3.424,2.88303
0.555,0.820011
3.477,1.8945
5.00001,3.8306
0.529,0.750517
3.183,2.72835
1.323,1.02131
1.984,2.10648
2.75,1.22911
1.688,1.24258
1.495,1.03145
0.492,1.10205
2.621,2.70396
0.878,1.17202
1.625,2.51836
0.913,1.19236
1.873,2.20132
0.683,1.22639
2.361,2.8952
2.222,2.49598
0.704,1.25901
1.889,2.51125
2.62,3.04508
0.475,1.01766
1.689,2.09752
3.099,2.93276
2.14,2.25125
0.925,0.965094
1.25,1.87411
3.825,2.86741
1.784,1.30516
0.542,1.48247
1.111,0.954411
2.034,2.3809
1.208,1.49551
3.527,3.45401
5.00001,3.30406
1.968,2.08719
1.891,1.90411
0.609,1.1749
1.455,1.82598
1.824,1.51199
1.954,2.19879
1.781,1.98971
2.17,3.22637
1.75,2.11106
0.619,0.898292
1.678,2.32002
2.43,1.9462
1,1.52918
2.922,2.39839
0.875,1.04889
0.6,1.11431
1.845,2.18905
1.635,1.43234
1.188,1.18451
1.455,2.33821
1.024,2.06167
1.375,1.04312
1.298,0.62055
1.093,1.55564
1.211,1.86988
0.869,1.12139
1.931,2.21039
1.959,2.69167
1.625,1.60126
0.833,0.0784292
1.608,1.62962
4.409,2.38045
1.644,1.84284
0.731,1.38127
2.929,2.35287
1.246,1.75774
0.974,1.13495
0.55,1.15626
1.261,0.623389
1.732,2.31115
2.382,2.53566
1.88,2.40918
1.861,2.76684
1.405,2.10988
1.984,2.33361
4.776,4.28941
3.626,3.86182
0.913,1.16877
1.625,0.0679714
2.266,2.4517
1,1.54243
3.166,2.83849
0.925,1.40934
1.421,1.73081
2.339,2.51761
3.229,2.68854
5.00001,4.477
1.672,1.83424
0.863,1.40645
0.979,0.98282
1.464,2.09157
0.686,1.68908
3.833,1.78728
3.451,3.0819
1.172,1.35365
1.717,1.89792
1.04,1.47803
1.66,2.00646
1.575,1.47235
0.61,0.922164
3.293,2.91179
3.929,2.65721
5.00001,2.623
1.733,1.69273
5.00001,2.6821
1.315,1.90583
2.102,2.08933
1.885,2.39437
1.586,0.682348
1.133,2.37819
2.699,2.15957
0.594,0.609532
1.958,2.07894
5.00001,2.95641
2.177,2.73983
2.905,2.65121
4.403,2.9432
3.019,2.45018
3.588,3.05595
2.126,2.67322
2.37,2.20196
1.932,2.59333
1.99,1.74565
1.923,2.40195
1.259,1.38272
1.865,2.44494
0.551,1.15826
1.667,2.51181
1.132,1.30757
3.556,3.20592
1.712,1.6966
2.69,3.04599
1.548,1.50863
5.00001,3.63012
0.699,0.930154
1.841,2.42719
2,1.66356
4.513,3.78501
1.313,1.70633
1.698,2.34278
2.845,2.72323
1.873,3.07037
1.919,1.62203
2.129,2.49868
1.74,2.47202
0.948,1.29847
0.598,1.07318
1.489,2.13121
1.143,1.28516
3.267,2.5141
1.922,2.27991
3.56,3.29852
2.609,2.99633
3.103,2.3416
2.691,2.23024
0.985,1.73344
1.244,1.31267
0.813,1.09822
2.909,3.17727
1.131,1.74373
2.003,1.90091
1.067,1.27525
0.946,1.2519
1.521,2.28648
2.03,2.0964
0.938,1.5524
1.33,2.41915
1.478,1.74463
4.2,2.34035
2.258,2.57306
3.141,2.99433
2.428,2.75961
2.099,2.69422
1.739,1.26421
2.315,2.58574
0.783,1.19314
2.854,2.31514
0.675,0.262927
2.776,2.6796
5.00001,4.39631
3.11,2.7938
1.875,1.99445
1.795,2.26737
0.931,1.10512
1.652,2.11855
0.683,0.499843
0.375,0.42286
3.818,3.98819
1.152,1.45302
1.893,1.61214
1.805,2.9593
2.055,2.53124
0.736,1.57284
1.167,1.79088
0.996,1.81969
1.375,1.34497
1.875,1.46151
1.688,1.96351
1.054,1.37493
1.688,2.01769
1.813,0.951766
1.364,1.42788
2.412,2.93105
1.641,1.67637
1.375,1.94647
2.173,2.56382
1.481,1.66549
0.929,0.896498
0.809,0.472941
0.73,1.03693
1.78,2.05311
3.417,3.93033
1.582,1.70274
1.481,1.78936
1.869,2.40232
0.728,0.719596
2.161,2.25906
1.919,2.12683
1.861,2.96604
1.642,0.957549
0.638,2.17473
3.167,3.1247
1.905,1.83771
2.748,3.08839
1.459,2.06557
5.00001,3.52177
5.00001,3.61765
0.675,0.114716
2.388,2.15511
1.75,1.61776
4.225,3.74204
0.558,0.365382
5.00001,4.81409
0.58,0.768624
2.708,2.59935
1.125,2.55238
2.078,2.25097
1.9,1.57327
2.681,2.06362
5.00001,4.22882
0.983,1.09291
2.231,3.23707
2.045,2.47403
0.746,0.994043
3.31,2.96763
0.729,1.28317
1.716,2.28395
0.887,1.74542
1.115,1.69126
1.301,1.65461
1.568,1.78427
2.708,2.84869
1.704,2.03197
1.849,1.8961
1.828,1.60958
1.182,1.86724
2,2.28797
1.712,2.34216
1.655,1.90648
1.194,1.34583
0.635,1.20107
2.115,2.08628
4.74,3.7587
3.39,2.45683
2.912,2.04574
3.091,1.70903
1.21,1.67442
1.614,1.74998
3.803,2.6279
1.911,2.19564
0.592,0.962977
1.281,2.24521
2.544,2.38262
3.02,3.05061
1.031,1.608
0.875,1.77741
0.705,1.11122
0.925,1.33605
2.25,2.06785
1.1,1.90711
1.48,1.52308
1.875,2.7577
1.907,2.41785
2.896,2.88088
2.311,2.09304
2.296,2.65067
1.643,0.942687
2.099,2.26138
0.886,0.955343
2.75,2.84269
4.085,3.08233
0.9,0.795923
1.364,2.89526
2.643,2.3661
1.821,1.95845
1.637,1.93999
1.533,0.580954
2.898,2.93515
0.455,0.374473
3.333,2.35892
1.02,1.57497
1.453,1.68592
2.212,2.18929
5.00001,3.33329
1,1.39262
2.119,1.83886
1.346,1.17275
1.862,1.99322
4.6,2.36557
0.559,0.610032
2.605,2.83096
0.98,1.67296
1.821,1.48855
0.797,1.16476
2.481,2.43008
0.764,1.19241
3.5,1.19622
2.213,2.24289
2.25,1.02047
4.705,4.21532
1,1.4606
1.591,2.1859
5.00001,6.11369
5.00001,4.46348
3.287,3.84349
1.853,2.36912
0.519,0.855448
1.527,1.46668
1.468,1.69364
2.85,3.20557
1.62,2.30597
1.66,0.624195
2.252,2.59404
1.467,1.67801
0.888,0.8065
0.931,1.41802
1.011,1.56382
1.031,0.817362
1.875,3.27109
4.333,2.58436
1.848,2.27557
1.441,1.8345
1.5,1.47021
0.953,1.81647
5.00001,3.74121
3.133,2.4842
4.464,2.815
2.294,2.08466
0.847,1.41742
0.7,0.76271
1.588,2.00302
1.509,1.77349
1.148,0.764878
1.083,0.980723
1.417,2.04109
3.694,2.06828
2.091,2.38859
0.766,1.2791
0.875,2.13769
2.893,2.22487
0.858,0.676064
1.401,1.44112
1.283,0.704668
0.94,0.632918
1.838,2.44639
1.693,2.81763
2.944,2.68323
1.019,1.79957
3.812,3.04832
1.865,2.0276
3.211,3.4256
1.123,1.5246
2.944,3.11035
1.338,1.91337
1.407,1.33649
2.091,2.35566
0.604,1.18322
1.089,1.6914
3.511,2.3204
1.568,1.38017
1.88,2.27314
1.479,1.64901
2.205,2.57167
1.632,2.17506
0.903,0.981175
3.297,3.05338
1.925,2.41851
1.781,1.00044
3.474,2.85691
1.852,1.93846
3.418,2.95935
3.781,3.39889
0.14999,0.625003
1.628,1.61395
1.656,2.1393
1.77,1.65878
1.825,2.45945
1.624,2.39898
1.324,1.82268
0.798,0.93602
1.201,2.00439
2.559,2.55637
2.417,2.31901
0.619,0.740127
2.168,2.60421
4.5,2.37774
0.669,1.25721
0.966,1.48915
2.409,2.89054
2.542,3.09178
5.00001,5.82935
1.617,1.96105
1.03,1.53958
1.956,1.59703
0.797,0.949466
0.985,1.0298
3.115,2.22463
1.266,1.80718
1.185,1.9532
1.464,1.90527
2.866,3.49838
0.996,1.53502
1.563,2.5518
2.454,2.31629
2.294,2.15043
1.669,2.30064
1.003,1.5323
0.558,0.691609
1.469,1.13312
2.798,2.41349
1.553,2.0054
0.813,0.701391
2.4,3.04342
0.806,1.16527
2.375,1.88936
2.559,1.85149
0.926,1.18346
1.548,2.06364
0.888,1.98035
2.015,2.53616
1.555,2.40355
1.414,1.40565
1.854,1.96365
1.46,1.74183
1.732,2.11949
3.033,2.47573
4.691,3.75853
0.806,1.58218
0.883,1.41482
0.925,1.46639
1.563,1.64912
3.302,3.4248
2.325,2.30748
1.316,2.36698
2.608,2.32859
3.908,2.61709
2.292,2.34651
3.039,2.36518
2.529,2.63156
2,1.51787
4.112,3.49116
2.245,1.44621
1.257,1.90404
1.139,1.4942
0.942,1.50963
2.978,2.99805
1.75,2.12877
1.791,2.4764
4.385,4.01396
0.743,0.768825
1.668,2.75079
3.19,2.58355
0.951,1.34395
1.138,1.97626
0.77,1.36761
0.786,0.459538
1.161,1.60161
2.359,2.70811
0.77,1.97478
0.906,1.66457
2.183,2.84834
2.171,2.83841
0.75,-0.15682
0.713,0.490645
2.768,2.56878
1.537,2.01166
0.698,1.3037
2.389,3.09966
4.534,2.30853
0.831,1.29671
2.305,2.30965
1.006,0.6162
2.908,2.13483
1.098,1.57923
0.808,2.02236
2.774,1.6646
2.028,1.94125
1.909,2.71074
1.026,1.84735
2.3,2.03424
1.705,1.83063
5.00001,6.78327
2.312,2.53755
2.593,2.66089
2.583,2.97804
1.03,1.82811
0.906,1.53101
2.458,1.72647
0.815,1.32206
3.25,2.48513
0.961,1.25539
2.376,2.65337
2.074,2.9168
3.231,2.65799
1.608,1.37272
2.6,2.52269
0.975,1.03205
1.74,2.38522
3.043,2.66353
2.44,2.12807
1.862,2.22311
2.264,2.47871
2.42,2.2733
0.795,0.969697
2.487,2.73624
0.738,0.731084
3.674,3.78064
0.682,0.850698
5.00001,3.36688
1.708,0.582682
2.412,2.37725
1.697,1.7313
1,0.988357
2.215,2.44197
2.616,1.63258
0.682,1.04868
1.125,1.44256
1.591,2.42558
1.038,0.70245
0.694,1.544
1.188,0.982589
0.679,1.12203
5.00001,4.3477
1.878,2.41977
1.213,1.71464
2.256,2.60351
2.869,3.6662
1.267,2.25351
2.566,2.80218
0.879,1.20641
2.306,2.71146
1.218,1.68385
1.429,1.91169
2.18,2.35049
1.593,2.30702
1.162,2.40505
2.817,2.92741
0.893,2.0283
1.601,1.87048
1.813,2.09526
4.143,2.89692
1.19,1.77864
1.25,1.99783
1.848,2.40602
3.25,1.98049
1.125,1.46395
1.773,1.5772
0.623,1.02996
5.00001,4.53782
3.881,3.64656
1.358,1.48461
1.438,1.69855
0.681,1.17865
1.133,1.41051
3.839,4.39797
0.433,0.655539
0.953,0.869197
0.675,1.32195
0.941,1.65882
1.688,2.32092
1.518,1.88917
1.234,1.68276
4.097,3.12458
0.75,1.16262
1.19,0.920307
1.807,2.80941
3,1.92061
2.375,2.3896
1.399,2.24097
1.56,1.31458
2.625,2.34863
2.707,2.88882
1.6,1.56392
2.761,2.7955
1.606,1.9428
1.106,1.42502
4,2.90929
0.506,0.408945
1.784,2.15717
1.227,1.77758
0.801,0.470303
2.408,2.69054
0.675,1.30357
2.711,2.88376
2.171,1.64779
3.407,3.29581
2.962,3.45964
1.661,2.17531
0.928,-0.178489
2.417,2.46901
3.741,2.81105
2.125,2.34868
1.838,2.45744
2.523,1.70092
4.188,2.82313
1.097,1.74866
1.125,1.45245
1.81,2.62401
3.112,2.33712
1.625,1.18642
1.03,0.808157
1.805,1.26183
2.835,2.2645
1.864,1.56848
1.795,1.76593
2.372,1.80155
5.00001,3.97749
1.069,1.21353
1.917,1.49869
3.079,2.99534
1.438,1.97937
3.717,2.5786
5.00001,4.65689
4.521,3.70073
1.625,1.923
0.863,1.58398
0.266,1.62964
2.75,3.01731
2.906,2.41062
2.783,2.05919
1.513,1.73564
1.804,2.02718
0.477,0.694725
1.452,0.728978
2.739,2.52989
1.259,1.7138
0.865,0.999361
2.294,2.41844
1.916,2.56525
3.068,3.22093
1.242,2.58476
1.342,1.30614
0.777,0.803345
1.792,0.299221
0.614,1.02751
0.697,0.889295
1.104,1.16823
1.663,1.95907
0.558,0.709205
1.021,1.27103
1.5,1.90551
1.197,0.858681
2.249,2.5621
1.121,1.15875
1.857,2.13387
0.727,1.06849
1.336,1.23916
1.848,1.98413
1.592,1.76801
0.675,0.827287
2.155,1.82706
0.857,0.949462
1.248,0.787574
0.866,0.818116
2.68,2.85492
4.045,2.30123
2.861,2.44344
0.664,0.764577
2.064,1.29931
2.573,2.07715
0.584,1.1603
1.786,1.60854
2.331,2.65693
1.514,1.7598
1.688,2.80432
0.618,1.05068
2.205,2.04716
2.304,2.14157
0.912,1.38118
1.529,1.18348
1.6,1.85937
2.833,2.1634
1.636,1.3348
2.964,2.81451
2.563,2.45182
1.65,2.23907
3.788,3.26133
3.5,1.15658
1.327,1.75575
0.847,1.58306
1.625,1.32759
2.374,2.93446
0.528,1.19185
1.327,1.27171
2.5,1.815
0.863,2.42045
2.558,2.69084
2.212,2.07067
1.524,2.13578
4.058,3.31963
2.447,2.41948
2.38,2.23119
3.442,2.32297
3.461,2.61416
1.14,1.92083
1.725,1.94156
1.034,3.32984
1.125,1.08398
3.975,3.0577
5.00001,1.60109
2.605,2.37531
1.08,1.61552
1.778,1.64032
2.306,2.80652
1.429,2.19145
5.00001,4.07351
1.371,1.76755
1.964,2.3056
0.953,0.687557
1.678,2.32659
2.021,1.84854
0.935,1.73095
0.714,1.57399
1.516,1.05438
5,3.39872
1.272,1.20618
1.505,2.02732
1.901,2.37074
2.545,2.94617
1.162,1.81157
1.55,1.06137
4.165,3.56751
1.039,0.964934
1.6,2.06503
1.403,2.12944
1.82,1.72779
1.505,2.1006
1.143,1.64337
3.625,2.08643
1.272,1.9774
1.016,1.54267
2.018,2.57588
2.168,2.54224
2.258,2.68136
2.438,2.73474
3.3,2.69935
1.157,1.3929
1.638,1.99226
1.625,0.608697
1.514,2.59778
2.333,2.39223
1.181,1.89814
1.527,1.84408
0.875,0.606655
2.898,2.86591
1.333,1.63664
0.927,0.951806
0.9,1.08998
5.00001,3.97343
0.962,1.3322
2.345,1.50324
1.201,2.30968
2.697,2.52827
2.816,2.48759
1.491,1.69332
3.246,3.06567
1.911,2.11423
3.341,2.67057
1.944,2.13641
1.633,1.52389
1.623,2.04706
1.708,2.18442
1.027,1.43258
2.577,2.07467
1.413,1.22731
1.876,2.11891
0.66,0.974886
0.867,1.45865
1.847,2.50944
1.393,1.74949
2.292,1.65191
1.241,1.82619
0.98,1.16665
0.936,0.852714
1.232,1.69375
3.312,3.81355
5.00001,2.51297
2.521,2.55615
3.156,2.87397
1.629,1.68695
3.039,2.619
2.481,2.89357
0.55,0.807584
1,0.561103
3.345,3.71112
0.467,1.04933
0.48,0.597038
1.152,2.10779
1.656,1.87232
0.808,1.2927
0.826,1.08453
2.341,1.91917
4.146,2.69607
3.3,3.23558
0.79,1.35915
2.259,2.39083
1.978,1.91203
1.114,1.64549
0.897,1.93889
1.606,2.16012
5.00001,3.02894
1.905,1.80513
0.746,1.00718
1.342,2.35462
0.737,0.886938
1.381,1.54324
1.479,1.54698
1.19,1.77459
0.875,1.63911
1.094,1.29608
1.76,1.77277
1.142,1.74347
2.472,2.63193
1.722,3.29528
1.862,2.31958
0.833,1.28141
1.306,1.38954
1.068,1.56367
1.801,2.87826
0.67,0.858077
1.712,1.73058
3.494,3.28292
2.685,2.82774
2.028,2.55029
0.661,0.979939
2.265,2.35665
0.987,1.45475
1.685,1.69243
1.457,1.93881
1.557,1.53978
5.00001,2.77126
1.125,1.46351
0.85,0.402666
2.705,2.08192
3.734,2.90045
2.902,3.17075
2.646,2.76746
3.442,3.12063
3.207,3.39683
1.426,1.54066
0.904,1.18926
0.568,0.881863
2.935,2.31834
1.519,1.66239
1.622,2.12208
2.713,3.45122
1.188,1.47275
4.25,2.78559
2.526,2.66979
1.463,2.03344
0.725,1.02468
1.09,1.90247
0.855,1.54705
1.228,1.62807
3.01,3.11931
2.621,2.64153
1.795,2.62792
1.257,1.79261
2.76,2.20065
1.464,1.99418
2.684,2.68104
5.00001,2.10693
2.515,2.59967
1.358,1.80404
1.375,1.44208
3.455,2.59256
0.875,0.710398
1.611,1.92917
1.258,1.96689
2.132,2.64644
3.143,1.89752
1.815,1.79109
3.75,1.8332
2.164,2.53716
0.792,1.18041
5.00001,2.82592
2.714,2.47605
3.087,3.03426
2.996,3.15171
5.00001,4.67272
1.913,2.87054
2.06,2.29813
3.385,3.22468
2.379,2.6521
2.135,1.86083
0.949,1.66784
3.303,2.27808
5.00001,2.99037
4.5,2.58213
2.285,2.20299
1.647,2.17967
1.668,2.26509
1.522,1.81977
0.952,1.34136
5.00001,3.15599
2.188,2.26098
0.843,1.69665
0.858,1.15852
2.621,2.89829
2.883,3.15348
1.039,1.64646
3.397,2.432
1.818,1.97074
2.563,3.16107
1.206,1.83399
1.665,2.21944
2.339,2.5999
0.827,1.76184
3.034,2.97435
1.16,0.877194
2.502,2.4777
2.427,2.56913
0.807,1.16433
2.207,2.82367
0.875,1.13483
1.656,1.57568
1.813,1.70737
2.034,2.41673
3.757,3.12995
2.292,2.3776
0.69,0.676653
4.616,4.12771
1.716,1.75856
1.165,1.87993
0.638,1.77883
1.906,1.89743
1.125,1.78977
0.926,1.29833
0.944,1.29747
2.006,1.95012
5.00001,3.98944
2.483,2.53066
1.969,1.56686
0.87,1.68403
2.335,1.6243
4.5,1.75864
2.192,2.23551
1.75,1.36549
1.462,2.35664
2.53,3.11568
1.482,1.80025
2.56,2.44359
5.00001,2.69232
0.934,1.15848
2.131,2.54977
1.085,1.55279
1.356,1.48247
5.00001,4.19009
1.464,1.27791
1.741,2.22018
0.863,1.29729
5.00001,4.57496
1.132,1.29201
1.289,0.740235
1.609,1.92991
5.00001,5.00613
1.911,2.21418
1.645,1.76281
0.544,0.54617
2.217,1.73749
1.875,2.0453
5.00001,4.84966
1.069,0.81922
1.399,1.89048
3.85,2.37484
5.00001,5.75646
1.108,1.33827
1.522,1.80674
2.551,2.66724
2.25,2.19526
1.576,1.75671
3.261,2.72102
0.75,0.996238
4.836,3.42196
2.264,2.48868
0.687,1.3664
1.663,2.33987
5.00001,4.92299
0.663,1.12526
1.74,1.92848
0.97,1.1286
0.972,1.67388
1.225,1.24491
1.225,1.41454
1.188,0.513762
0.673,0.863188
1.625,0.992274
0.942,1.37527
0.647,0.641224
5.00001,3.49106
3.656,3.52119
2.089,2.79093
0.942,1.06525
0.606,0.715467
5.00001,3.30131
1.625,1.71003
1.794,1.37482
0.807,1.6506
1.414,1.27817
0.645,0.110817
1.782,2.01733
0.97,1.63227
1.186,1.27967
2.264,2.80193
1.406,2.00214
1.063,1.5455
0.478,0.734545
5.00001,4.52791
1.21,1.5796
1,1.27327
5.00001,1.34034
3.857,2.39113
2.039,1.94255
1.125,2.51367
0.547,1.38543
1.554,0.803407
2.615,2.68585
0.971,1.29858
1.152,1.73753
1.334,2.01258
1.859,1.83863
0.53,0.71412
0.659,0.897129
2.086,2.32016
0.73,1.36915
3.536,2.38278
3.7,2.62649
1.892,1.81109
2.464,2.38275
1.402,1.85308
2.038,2.0951
2.838,2.74766
3.475,2.66059
1.828,1.90799
4.004,3.35234
2.812,2.06005
3.573,4.07845
2.287,3.19386
0.938,1.61037
2.417,2.31677
0.957,0.0801473
4.178,3.57695
0.861,1.67969
2.278,2.33008
1.636,2.05988
2.058,2.70279
0.706,1.27456
1.964,2.52939
1.948,1.28036
2.221,1.58402
1.139,1.97452
1,1.24585
3.64,2.52516
1.738,2.40812
1.368,1.39643
4.055,3.13066
1.288,1.29992
1.93,2.82374
0.883,1.1786
1.855,2.54354
5.00001,5.29936
1.319,1.56745
1.075,0.951587
1.394,1.39116
2.174,2.42762
2.448,2.90529
4.14,2.54662
3.889,2.74716
2.403,2.60733
2.188,2.02792
0.94,1.31074
4.118,4.24198
3.281,3.09707
1.414,2.19768
2.41,2.68422
1.625,1.46422
3.5,2.50689
1.475,1.92007
2.609,2.7481
2.236,2.8187
3.731,3.10961
2.25,2.66111
2.219,1.6899
2.542,2.55609
2.302,2.23699
1.491,1.65448
2.317,1.83393
1.438,1.43757
2.272,2.01335
0.621,1.00057
2.062,2.5209
1.271,1.49285
0.813,0.784945
5.00001,2.8753
1.841,2.31767
2.933,3.1391
3.511,3.01063
4.234,3.87517
2.173,2.33102
1.264,1.77995
3.304,2.53647
2.766,2.79641
1.016,1.83463
3.942,3.75777
1.594,2.18384
1.063,1.01534
0.617,0.790332
1.678,1.89875
3.458,3.05621
2.201,2.00977
1.472,1.93784
3.522,2.72149
0.919,1.2346
5.00001,4.59424
0.991,1.59119
2.994,3.10058
1.862,2.2691
3.585,3.91518
0.815,0.12762
1.546,1.17723
2.9,2.36578
1.393,2.06706
0.958,0.706247
1.13,1.49343
2.259,2.84819
5.00001,4.14532
5.00001,4.03071
0.979,1.06516
2.38,2.44079
2.733,2.50397
5.00001,4.78277
3.256,2.63952
5.00001,2.58133
2.529,2.87094
2.944,2.23503
4.526,2.97333
0.945,1.75232
2.688,1.46981
1.424,1.99784
3.615,2.60787
3.762,3.64372
0.939,1.67802
0.554,0.458637
3.356,3.07434
1.908,2.21848
2.153,2.34031
0.719,1.25278
0.83,0.894542
1.557,1.98521
2.38,2.91095
2.164,2.56554
1.007,1.32935
0.942,0.638725
3.676,3.63403
1.32,1.24733
1.469,1.64159
0.91,0.31232
2.195,2.72498
1.425,2.12933
0.55,1.0903
1.842,2.42221
1.516,1.65684
0.721,0.936013
1.075,1.641
2.314,2.00792
1.514,2.18447
1.563,1.95688
1.653,2.14648
2.35,1.72867
4.636,2.80008
0.748,0.920781
2.667,2.12865
1.475,1.59802
1.694,2.12406
2.438,1.71574
1.388,1.70873
2.907,2.58074
2.652,2.72504
5.00001,2.62822
1.529,1.54259
3.504,2.91318
1.958,2.76591
1.946,1.96897
1.667,2.27372
5.00001,2.57456
1.176,0.262528
0.946,1.80849
0.714,1.40445
1.534,1.53446
2.949,3.32722
1.628,2.25537
3.679,3.28425
1.983,2.31008
1.728,2.1065
0.908,1.77152
1.698,2.81754
2.309,2.73735
1.136,1.38067
2.45,2.42607
2,2.53222
2.134,2.19782
3.164,3.23464
1.632,2.21755
2.61,3.16459
1.378,1.97675
2.929,3.03255
2.88,3.21288
1.313,2.01578
3.432,2.19881
1.428,1.2234
1.267,2.13848
0.544,0.384893
3.56,3.39116
2.319,2.68714
0.879,1.4208
2.048,1.89932
3.334,3.10598
2.25,0.970564
5.00001,5.95872
2.145,1.90805
3.875,2.3089
3.15,1.54465
1.754,1.55675
0.882,1.31976
3.23,3.09245
3.218,3.24808
1.375,1.34241
1.067,1.16711
1.833,1.30118
3.563,2.44611
1.547,1.72456
0.593,0.886555
5.00001,4.85802
2.597,2.42323
1.653,1.23357
1.568,1.13133
1.683,2.46574
1.638,2.19429
1.125,1.42023
1.938,2.13924
0.766,1.32284
1.548,1.53532
3.418,3.45831
1.488,2.41018
1.207,1.24306
0.574,0.332739
2.207,1.68653
0.704,0.78033
1.215,1.86603
0.986,1.48207
2.526,2.21276
1.025,1.2541
1.265,1.53187
0.819,1.02758
0.713,1.31962
1.758,2.48388
1,1.37114
1.03,1.33797
1.602,2.55632
0.965,1.4925
2.659,1.66837
0.824,1.40246
2.551,2.54138
2.014,2.38425
2.314,2.18289
2.871,2.64675
1.411,1.85893
0.603,0.808913
0.828,1.39823
2.609,2.06804
1.382,1.67593
2.131,2.46437
2.386,2.33532
2.938,2.4639
3.337,2.21455
5.00001,2.62759
4.815,3.50467
1.504,2.16567
1.175,1.99493
5.00001,6.26567
1.38,1.50076
3.736,3.6424
1.029,1.55754
1.421,1.92916
2.52,2.54786
3.5,2.14072
0.929,1.0126
2.036,1.97077
2.258,2.96229
1.344,1.24549
2.1,2.37227
1.342,2.16345
2.96,3.02494
1.475,1.31624
2.456,2.90316
3.667,3.2049
2.27,1.76126
4.125,4.06828
2.809,2.14412
1.91,1.4777
1.067,1.51152
2.362,2.42601
1.266,1.72419
1.096,1.22086
1.985,2.41976
2.254,2.15884
1.123,0.787756
1.145,1.62388
2.017,1.76714
1.285,1.59693
0.909,1.41953
1.364,1.83279
0.552,0.398605
3.553,2.81765
1.852,2.04725
3.069,3.47098
2.267,2.01737
1.307,1.19384
1.361,1.35084
1.518,1.77303
2,1.33169
1.807,1.98629
0.812,1.21281
2.354,2.64649
3.05,3.10389
3.7,2.90322
0.329,-0.550383
2.056,2.13913
5.00001,3.2998
5.00001,6.01834
2.14,2.34273
0.675,1.74819
1.576,1.8565
1.688,1.49992
5.00001,3.99373
1.86,1.21237
1.722,2.09402
1.334,1.91287
1.986,2.1369
1.514,1.80735
1.718,0.810553
1.913,2.07439
2.312,2.9206
0.995,1.75309
3.988,3.34025
0.614,-0.127915
2.083,1.62695
1.23,1.59362
0.653,0.989843
1.639,2.05733
1.413,1.89322
5.00001,3.71895
1.35,2.20861
1.288,1.39762
5.00001,4.39791
0.724,0.683478
1.763,2.1503
3.045,2.69556
1.875,2.48033
2.579,2.24602
3.314,3.31775
1.804,1.34635
1.085,1.91495
0.863,1.21344
1.088,1.08874
1.745,1.10719
2.684,3.04078
5.00001,3.54213
0.831,1.55502
2.583,2.01088
1.907,2.31713
2.427,3.00961
1.993,1.59485
2.421,2.07654
1.33,1.41709
2.211,2.14002
2.9,2.74724
0.962,1.47532
1.125,2.52307
2.38,2.12983
2.698,2.84349
4.964,3.36525
0.556,0.976454
4.075,2.62678
1.891,2.25027
5.00001,4.06085
1.694,1.79448
1.601,1.79779
3.924,3.1828
2.291,2.11338
3.324,2.59009
1.701,1.48848
2.357,2.57057
1.116,1.31244
2.929,2.44353
2.739,2.78376
0.985,1.50157
0.714,1.03313
0.588,1.01126
1.852,1.68827
2.924,2.90021
2.762,2.46682
1.736,2.45075
1.051,1.26054
1.104,2.09719
2.413,2.79837
1.928,1.92652
5.00001,5.76505
3.76,3.04833
1.661,1.90514
2.391,2.42805
1.525,2.03601
0.721,0.97619
4.835,3.95879
5.00001,4.50782
5.00001,2.85687
1.167,1.28048
0.878,1.25318
2.23,2.49426
1.555,1.80263
1.573,1.81007
0.855,1.30571
2.312,2.50029
3.728,3.44891
1.509,1.59322
0.99,1.26427
1.202,1.27424
2.583,2.36624
1.438,0.139121
1.859,2.2912
2.2,2.50446
1.776,2.47657
0.819,0.456439
1.786,2.35723
1.953,2.04726
1.911,1.53833
1.597,2.11069
2.089,1.50601
1.504,1.87173
1.158,1.17479
5.00001,4.82083
1.8,2.16583
1.742,1.89603
0.571,0.751569
3.407,2.69927
0.95,1.36172
0.7,1.5773
1.961,2.57743
0.846,1.48818
3.885,2.14746
1.351,1.60157
3.531,2.38134
1.463,1.74636
5.00001,4.45903
4.272,2.74669
3.804,2.16936
5.00001,3.62514
2.185,2.97343
2.441,2.37099
3.59,3.14362
2.287,2.86349
0.521,1.04029
1.502,2.31541
4.147,2.48316
3.328,2.63707
1.464,2.31759
3.36,2.48092
2.799,2.35094
1.823,1.97322
1.971,2.33871
0.774,1.10698
2.638,2.49848
5.00001,3.41019
0.906,1.48103
0.696,0.622623
2.542,2.83318
0.938,1.59058
3.599,2.74992
1.385,1.2811
1.443,1.33167
1.532,1.55549
4.75,3.5608
1,1.79747
2.718,2.64062
2.09,2.52038
1.627,1.08726
2.632,2.70336
2.042,2.0822
0.875,1.05727
1.635,1.90447
1.438,1.1822
1.468,2.03224
0.647,1.03017
1.844,1.86937
2.523,2.57827
3.138,2.81972
2.722,2.72641
1.441,2.23479
1.875,2.28869
1.181,1.44391
0.575,1.26543
3.977,3.84005
1.689,2.18386
0.914,1.58304
1.027,1.19879
5.00001,3.74707
1.395,1.39613
1.26,2.24315
4.429,2.65055
1.38,1.83911
5.00001,5.04148
2.776,2.71415
4.474,2.36645
3.511,2.65291
5.00001,3.31639
5.00001,4.40268
2.974,2.41567
1.188,0.23891
2.675,2.88829
1.244,1.06717
1.25,1.25391
0.758,1.25517
1.984,1.93228
2.53,2.68407
2.328,2.3925
0.761,0.534358
2.08,2.32246
1.754,2.2815
1.149,1.71897
1.193,1.49744
0.659,1.14795
0.656,1.52219
1.665,1.32496
0.741,1.37821
2.263,2.98132
1.072,0.523381
0.906,2.19148
2.5,1.81582
2.939,2.18441
5.00001,2.77482
1.878,2.20668
3.658,3.54852
1.419,0.546334
2.166,2.94547
0.438,1.11597
2.865,2.1548
2.203,2.11722
2.133,1.51404
1.375,1.42102
2.417,2.81509
1.619,2.21744
1.04,1.24929
2.723,2.36008
3.616,3.67969
0.705,1.11966
0.875,0.613298
2.105,2.33343
2.799,2.4271
1.902,1.26289
0.825,1.34073
1.372,1.49864
3.431,3.08229
1.975,1.47246
1.5,1.45265
2.144,2.23041
2.619,3.04246
3.085,2.53163
1.275,1.28068
4.5,1.91696
1.567,1.52522
2.042,2.58897
2.536,2.50261
0.475,2.10086
3.107,3.08678
0.941,1.26337
2.708,3.10191
1.083,2.07013
0.555,1.79629
3.041,2.37494
1.925,1.3993
0.57,1.0464
1.899,2.27761
0.89,1.2674
1.375,1.53161
1.18,1.95662
2.41,2.46994
1.333,1.39498
1.125,1.28714
1.063,1.61106
1.838,2.47061
2.319,2.42895
0.981,1.12379
0.526,0.95812
0.522,1.20633
0.88,1.27685
2.478,2.51869
0.75,1.37776
3.542,2.25047
1.545,0.996738
0.864,1.22801
0.855,1.55943
0.872,1.35486
1.38,1.97809
1.078,1.03699
3.5,2.66135
2.173,2.49639
5.00001,3.13906
3.333,2.32701
1.415,2.46572
2,1.76908
2.994,2.97198
2.104,2.35184
3.184,2.85694
0.507,0.759235
1.714,2.29752
4.38,2.97591
1.137,1.70983
1.59,1.85007
0.979,0.921671
1.677,2.14149
0.984,1.21238
1.808,1.21451
0.559,0.643711
1.26,1.78
1.69,1.88665
1.555,1.53687
2.07,2.62928
5.00001,5.00345
1.303,1.29499
1.614,1.69703
1.872,2.21953
0.554,1.37962
1.621,1.72261
1.297,1.34893
3.897,3.42984
2.216,2.5027
1.594,1.71695
2.953,2.64547
1.489,2.21467
1.284,1.72949
4.543,4.41319
2.279,2.16015
4.41,3.84407
1.612,2.38098
1.015,1.11081
1.188,0.764237
1.283,2.66544
3.089,2.28308
4.125,2.47158
2.304,2.62039
3.227,2.73068
5.00001,2.30753
1.769,1.86003
2.369,2.42921
0.645,1.10259
3.177,2.86154
1.322,2.29003
0.592,0.397294
0.668,0.226813
1.628,2.07658
0.976,0.517521
2.282,2.87389
1.417,1.80777
2.335,2.56412
1.772,1.13186
2.184,2.15594
3.422,2.69556
5.00001,4.62255
1.063,1.41192
1.587,1.82288
3.259,2.0256
2.542,2.96113
5.00001,3.06893
1.346,1.487
1.469,1.64689
5.00001,3.14723
3.579,2.66414
2.441,2.94694
1.404,2.23179
1.957,2.34986
2.762,2.65681
1.625,1.87539
1.635,1.29957
3.42,3.21141
2.685,2.53854
1.489,2.10319
1.049,0.963601
2.986,2.50731
1.897,2.99469
1.766,2.18133
2.156,2.66251
2.25,3.32261
1.825,1.91857
3.194,2.31762
0.925,1.65035
3.141,2.72487
1.086,1.42768
1.819,2.17364
1.636,1.87713
0.712,0.933687
1.528,1.66747
1.336,1.67897
0.498,1.03657
1.063,1.88174
1.478,2.3388
3.5,1.36411
1.03,1.25072
1.576,1.84158
3.458,3.33398
0.816,1.42645
1.338,2.26747
2.427,2.43031
2.071,1.46335
1.863,1.45551
1.164,2.09807
1.826,1.95788
2.441,2.26763
1.568,1.5711
1.833,2.295
2.796,2.94356
2.585,3.12107
1.614,1.90314
2.198,2.04574
3.509,2.0348
3.656,2.61608
2.952,2.5321
4.504,3.08091
1.345,1.7091
0.942,1.40476
1.754,2.07507
2.19,2.71136
1.054,0.525436
1.679,1.82324
1.198,1.44689
5.00001,3.95358
1.663,1.71596
2.46,2.63782
1.023,0.749103
0.888,1.37353
2.349,2.82073
5.00001,3.39037
1.003,1.18881
1.234,2.04529
4.444,2.21208
1.25,1.57399
1.875,1.4788
4,2.66083
1.604,1.67693
1.125,1.70694
2.575,2.15036
2.313,1.81731
1.573,1.71711
3.353,2.72368
1.752,1.92426
2.296,1.83056
1.051,1.34758
2.813,2.41979
1.771,2.33735
1.192,1.5822
1.198,0.922919
0.718,1.49281
1.125,2.04883
2.632,2.17577
0.851,1.50091
0.675,0.960286
1.512,1.91418
3.677,3.33462
0.837,1.38297
2.62,2.32006
1.891,1.84393
0.762,1.06775
2.221,2.72616
1.304,1.69684
3.429,2.17347
0.838,0.737305
0.958,1.4686
1.898,1.62446
2.715,3.17031
2.484,2.98745
1.693,2.54694
4.583,2.89219
0.771,0.746902
3.724,3.80149
1.691,1.74538
0.526,1.28714
0.943,1.37174
0.585,1.10275
1.976,2.0399
1.837,2.09454
3.08,2.50192
0.901,1.08541
1.063,1.21785
1.808,1.63445
2.25,0.861956
5.00001,2.88456
1.25,2.15584
0.807,1.10051
1.115,1.51243
1.417,1.44413
1.58,1.67432
0.982,0.955234
2.453,2.70495
5.00001,3.42148
1.945,2.48278
2.403,2.5376
0.892,1.09488
1.713,2.17561
2.941,3.49935
1.693,1.64315
0.697,1.12704
3.006,2.70167
1.185,1.01703
1.5,2.2717
0.955,1.24538
0.574,1.59421
5.00001,4.30587
3.169,2.80827
2.823,1.48698
0.948,1.32691
1.904,1.99541
1.41,1.57122
1.569,2.3254
1.706,1.9872
